annual_return,annual_volatility,sharpe_ratio,max_drawdown,total_return,final_value
0.2625698876791594,0.23616961016883772,1.111785244051714,-0.1438801074397893,0.16938617192477956,584693.0859623898
