annual_return,annual_volatility,sharpe_ratio,max_drawdown,total_return,final_value
0.5606560414692022,0.28316976505530783,1.9799290413639206,-0.1431571011342222,0.4147086972418188,707354.3486209094
