annual_return,annual_volatility,sharpe_ratio,max_drawdown,total_return,final_value
0.2631799144829543,0.19814511646577887,1.3282180211007493,-0.1964369448260187,20.00495485234281,10502477.426171405
