annual_return,annual_volatility,sharpe_ratio,max_drawdown,total_return,final_value
0.3433660047973642,0.23748546420475358,1.4458400894015275,-0.20919360328865966,50.476111462258665,25738055.731129333
