annual_return,annual_volatility,sharpe_ratio,max_drawdown,total_return,final_value
1.1515087769925816,0.33935247989224887,3.3932528719348345,-0.1633325584236034,1.0713316006352889,1035665.8003176445
