annual_return,annual_volatility,sharpe_ratio,max_drawdown,total_return,final_value
0.5885523372499567,0.2946431918781346,1.9975086934755442,-0.1284814572838595,0.4379369129051258,718968.4564525629
