annual_return,annual_volatility,sharpe_ratio,max_drawdown,total_return,final_value
0.21158982208297786,0.19693156000605172,1.0744332806609347,-0.2500025353547186,10.053232273990924,5526616.136995462
