annual_return,annual_volatility,sharpe_ratio,max_drawdown,total_return,final_value
0.5533720233784404,0.3265948788533293,1.694368341969485,-0.1517373769557111,0.39552529955421867,697762.6497771094
