annual_return,annual_volatility,sharpe_ratio,max_drawdown,total_return,final_value
0.8410144634770593,0.28069721757156724,2.996162451316897,-0.11471928037577228,0.7052854159042474,852642.7079521237
