annual_return,annual_volatility,sharpe_ratio,max_drawdown,total_return,final_value
0.2946182554616603,0.23211100646952607,1.2692989442546787,-0.25977474750496465,27.427629523024574,14213814.761512287
