annual_return,annual_volatility,sharpe_ratio,max_drawdown,total_return,final_value
0.16771799292137493,0.1932274222406786,0.8679823545566434,-0.25833797677110526,5.4416189507376815,3220809.4753688406
