annual_return,annual_volatility,sharpe_ratio,max_drawdown,total_return,final_value
0.23940569583502325,0.2175673294387698,1.100375210067555,-0.36903407233538044,13.843296694100488,7421648.347050244
