annual_return,annual_volatility,sharpe_ratio,max_drawdown,total_return,final_value
0.6950211041986488,0.34370641616880065,2.0221359611084795,-0.16729452899613018,0.5276350626864277,763817.5313432139
