annual_return,annual_volatility,sharpe_ratio,max_drawdown,total_return,final_value
0.4201763249079347,0.25179799256695096,1.6687040298631983,-0.10924377629506588,0.2956443689250199,647822.1844625099
