annual_return,annual_volatility,sharpe_ratio,max_drawdown,total_return,final_value
0.1082677944805075,0.21804186547927995,0.49654590068069265,-0.14999997817446886,0.057984965806847644,528992.4829034238
