annual_return,annual_volatility,sharpe_ratio,max_drawdown,total_return,final_value
0.05724666896313052,0.2149444913971643,0.26633233813539714,-0.1616951832508131,0.023059792101993715,511529.8960509969
