annual_return,annual_volatility,sharpe_ratio,max_drawdown,total_return,final_value
0.22384251398575591,0.19840063696212776,1.1282348555588795,-0.3815386489015302,11.846142365168495,6423071.182584248
