annual_return,annual_volatility,sharpe_ratio,max_drawdown,total_return,final_value
0.6080760577534187,0.25727163651554313,2.3635565349881915,-0.17442050853022462,0.4666217660135119,733310.883006756
