annual_return,annual_volatility,sharpe_ratio,max_drawdown,total_return,final_value
0.11993732996457185,0.2108651148975121,0.5687869708693428,-0.5557070438728506,2.391554241729787,1695777.1208648935
