annual_return,annual_volatility,sharpe_ratio,max_drawdown,total_return,final_value
0.27465634087210955,0.20067745387144714,1.368645732609568,-0.1974544335651861,23.107499511342827,12053749.755671414
