annual_return,annual_volatility,sharpe_ratio,max_drawdown,total_return,final_value
0.20031380341276733,0.17509595313495052,1.1440230332358443,-0.3708707894194836,9.100135154806733,5050067.577403367
