annual_return,annual_volatility,sharpe_ratio,max_drawdown,total_return,final_value
0.7233486868474293,0.28184470092675407,2.5664796409829025,-0.1283119648243225,0.5768231947325513,788411.5973662756
