annual_return,annual_volatility,sharpe_ratio,max_drawdown,total_return,final_value
0.9185544779517901,0.2783832224732799,3.2996043001117132,-0.1576248773716744,0.7963207404938113,898160.3702469056
