annual_return,annual_volatility,sharpe_ratio,max_drawdown,total_return,final_value
0.3010245334826911,0.22840177908052273,1.3179605460803583,-0.21566615386256427,30.115174444397972,15557587.222198986
