annual_return,annual_volatility,sharpe_ratio,max_drawdown,total_return,final_value
0.2557093594638231,0.19852026080442897,1.288076886599165,-0.24553351348115804,18.124469218181545,9562234.609090773
