annual_return,annual_volatility,sharpe_ratio,max_drawdown,total_return,final_value
0.3711889510314969,0.22898593125905756,1.6210120376852388,-0.19660448902351257,73.72698731472012,37363493.65736006
