annual_return,annual_volatility,sharpe_ratio,max_drawdown,total_return,final_value
0.2901293434750836,0.1976988348543294,1.467531883477512,-0.1897816639348089,28.463818178191545,14731909.089095773
