annual_return,annual_volatility,sharpe_ratio,max_drawdown,total_return,final_value
0.6500220047185871,0.2643257914153919,2.459169804194657,-0.18176033066720187,0.5062283790248134,753114.1895124067
