annual_return,annual_volatility,sharpe_ratio,max_drawdown,total_return,final_value
0.3927436793380822,0.24561955654142598,1.5989918916405272,-0.1325660599748827,0.2733376010628792,636668.8005314396
