annual_return,annual_volatility,sharpe_ratio,max_drawdown,total_return,final_value
0.10238218504522519,0.17428650082882566,0.5874361155817752,-0.4724588269116379,1.9729091042955145,1486454.5521477573
