annual_return,annual_volatility,sharpe_ratio,max_drawdown,total_return,final_value
0.591516789736576,0.2756786485371769,2.145675020083416,-0.11899857692987892,0.44599626477948595,722998.132389743
