annual_return,annual_volatility,sharpe_ratio,max_drawdown,total_return,final_value
0.1764481994501381,0.22482698888423766,0.7848176961574236,-0.35448934076913363,5.61805309435184,3309026.54717592
