annual_return,annual_volatility,sharpe_ratio,max_drawdown,total_return,final_value
0.2170205917406123,0.22039426483336247,0.9846925549750537,-0.2852213035676775,10.136360022832196,5568180.011416098
