annual_return,annual_volatility,sharpe_ratio,max_drawdown,total_return,final_value
0.3526512589271566,0.24638166666743194,1.43132102196211,-0.22803022813594642,55.25294755033862,28126473.77516931
