annual_return,annual_volatility,sharpe_ratio,max_drawdown,total_return,final_value
0.2060372077511193,0.25979692176652164,0.7930702425192091,-0.38640579456114876,7.610012266637064,4305006.133318532
