annual_return,annual_volatility,sharpe_ratio,max_drawdown,total_return,final_value
0.37486170287555237,0.2567614541516599,1.4599609747268951,-0.23187469857199816,70.89023923384669,35945119.61692334
