annual_return,annual_volatility,sharpe_ratio,max_drawdown,total_return,final_value
0.18216472880366447,0.2020414999363497,0.9016203545363347,-0.14007483842317547,0.11386159791730877,556930.7989586544
