annual_return,annual_volatility,sharpe_ratio,max_drawdown,total_return,final_value
0.8110815568603349,0.32185229378741276,2.5200428038461142,-0.1820989030589163,0.6580587797637611,829029.3898818806
