annual_return,annual_volatility,sharpe_ratio,max_drawdown,total_return,final_value
0.14572284249902107,0.2833845523068315,0.5142229571541403,-0.1990751515274044,0.07294986821548166,536474.9341077409
