annual_return,annual_volatility,sharpe_ratio,max_drawdown,total_return,final_value
1.1599044669604024,0.35705323290582086,3.2485477236004967,-0.17423674833326275,1.0746722677209726,1037336.1338604863
