is_dynamic_only,n_codes,pnl,buy_net,trades,buys
False,64,8017435.443719996,1012704606.72126,6131,3452
True,48,511331.78957999405,140604053.38764,892,492
